{
  "ZH": 0.07,
  "LU": 0.015,
  "UR": 0.028,
  "SZ": 0.0195,
  "OW": 0.06,
  "NW": 0.051,
  "GL": 0.045,
  "ZG": 0.035,
  "FR": 0.04,
  "SO": 0.044000000000000004,
  "BS": 0.065,
  "BL": 0.065,
  "AR": 0.065,
  "AI": 0.06,
  "SG": 0.027999999999999997,
  "GR": 0.045,
  "AG": 0.055,
  "TG": 0.025,
  "TI": 0.08,
  "VD": 0.0333,
  "GE": 0.0333,
  "JU": 0.021179999999999997,
  "BE": NaN,
  "SH": NaN,
  "VS": NaN,
  "NE": NaN
}